,folds,test_auc,test_acc,r_score
0,0,0.0,1.0,0.6209165919327688
1,1,0.0,1.0,0.6035697563622762
2,2,0.0,1.0,0.6616743472127382
3,3,0.0,1.0,0.4880724849563194
4,4,0.0,1.0,0.6570484245862644
5,5,0.0,1.0,0.7617929943089621
6,6,0.0,1.0,0.6657055253378985
7,7,0.0,1.0,0.6548973301327123
8,8,0.0,1.0,0.66242838382645
9,9,0.0,1.0,0.6377577046189344
