,folds,test_auc,test_acc,r_score
0,0,0.0,1.0,0.746373437757029
1,1,0.0,1.0,0.7575227414486108
2,2,0.0,1.0,0.7822589949455505
3,3,0.0,1.0,0.7486535965026633
4,4,0.0,1.0,0.7754078558626816
5,5,0.0,1.0,0.8113152458254262
6,6,0.0,1.0,0.7467666324923812
7,7,0.0,1.0,0.7809893260034642
8,8,0.0,1.0,0.8070959462320388
9,9,0.0,1.0,0.787686615716666
