,folds,test_auc,test_acc,r_score
0,0,0.0,1.0,0.8113152458254262
1,1,0.0,1.0,0.8113152458254262
2,2,0.0,1.0,0.8113152458254262
3,3,0.0,1.0,0.8113152458254262
4,4,0.0,1.0,0.8113152458254262
5,5,0.0,1.0,0.8113152458254262
6,6,0.0,1.0,0.8113152458254262
7,7,0.0,1.0,0.8113152458254262
8,8,0.0,1.0,0.8113152458254262
9,9,0.0,1.0,0.8113152458254262
