,folds,test_auc,test_acc,r_score
0,7,0.0,1.0,0.7809893260034642
1,8,0.0,1.0,0.8070959462320388
2,9,0.0,1.0,0.787686615716666
